concurrency,qps,p95_latency_us,p99_latency_us,error_rate_percent
10,709.947,26340,33510,0.0281393
50,751.581,90591,137318,0.119134
100,725.779,180017,260024,0.0819952
200,675.244,384208,1606047,0.0362792
